user_id,first_name,last_name,email,phone,street,city,state,postal_code,country,date_joined,is_active
1,Andrea,Bates,fosterjoseph@example.com,+1-481-329-9483x518,762 Dawn Prairie,Davidmouth,GU,48893,Belize,2025-10-14,True
2,Sheila,Hernandez,nwarren@example.com,001-950-803-0995x449,4983 Campbell Street,South Rachel,GU,38555,Indonesia,2023-08-07,True
3,David,White,asheppard@example.net,811-582-4369x67049,0597 Becky Avenue,Victoriastad,OR,72632,Malawi,2024-07-03,True
4,Tonya,Campbell,patriciasmith@example.com,428-487-1678x54494,34497 Wilson Flat Apt. 218,New Kayla,VA,64256,United States Virgin Islands,2024-02-27,True
5,Jonathan,Thomas,nicholas31@example.org,+1-665-302-4438x0358,401 Humphrey Mall Suite 537,North Jamie,MD,99125,Bosnia and Herzegovina,2025-11-06,True
6,William,Vargas,lloydnicole@example.com,(232)772-1300x672,7562 Barber Burgs,Jacksonchester,TX,49597,Angola,2025-10-10,True
7,Jennifer,Smith,bennettmonica@example.org,282-581-5703,159 Cannon Green Apt. 940,Fuenteston,NJ,29045,Liberia,2024-10-14,True
8,Shawn,Rhodes,zhangjerry@example.net,4644001489,79274 Tanya Falls Suite 615,Lake Karen,OH,95790,Hungary,2025-10-11,True
9,Eric,III,ecunningham@example.com,228.727.6767,729 Brown Knoll Apt. 747,Brianfort,CA,84780,Heard Island and McDonald Islands,2025-11-01,True
10,Jamie,Estrada,wilkinsonzachary@example.net,(994)530-7552,00047 Miller Mews Suite 016,South Alexismouth,NH,56059,American Samoa,2023-03-19,True
11,Holly,Williams,johnbishop@example.org,+1-872-800-4440,8031 Scott Summit Apt. 127,Robinsonhaven,MH,22919,Thailand,2024-08-01,True
12,Jasmin,Hernandez,jamesblackwell@example.com,283.401.5062x9104,783 Jeffrey Mountain,North Sabrinabury,AL,44429,Samoa,2024-06-10,True
13,Tracy,Nelson,lfloyd@example.com,9318887994,45325 Alexander Land,Morrisfort,KS,71663,Montserrat,2023-03-09,True
14,Alexander,Faulkner,lynn65@example.com,+1-875-349-1481x0954,239 Morris Center,Lake Veronicahaven,IL,40819,Togo,2025-03-21,True
15,Ryan,Hanson,yvonne94@example.com,369.871.4929x79061,035 Roberts Bypass,Lambborough,MP,03696,Saint Kitts and Nevis,2025-08-10,True
16,Seth,Edwards,todd57@example.net,501-263-6991x02823,6855 Perez Island Apt. 245,Livingstonfurt,CA,88518,Belize,2024-07-22,True
17,Jason,Gilmore,marcus25@example.org,+1-578-703-5377x0546,7698 Wilson Bypass Apt. 196,Rebeccaton,MN,78328,French Guiana,2025-06-03,True
18,Donald,Reynolds,xsloan@example.org,001-672-212-2252x5186,999 Jennifer Wells,West Stephanieview,AZ,33970,Timor-Leste,2024-03-26,True
19,Jennifer,Gonzalez,wgross@example.org,675.625.8840x4121,0166 Sanchez Inlet Suite 068,Lake Debrafort,OK,91654,Kuwait,2023-03-29,True
20,Brian,Thompson,imartinez@example.com,820-479-6300x94825,8312 Lane Ports Suite 246,East Antonio,SD,70080,Heard Island and McDonald Islands,2023-06-14,True
21,Rachel,Perry,smithmichael@example.net,(704)812-0923x841,178 Danny Summit,East Sara,MT,12589,Reunion,2024-03-26,True
22,Ruben,Hawkins,thomasroberts@example.com,+1-684-834-9815,7498 Robin Station Suite 022,Sarahton,VT,11807,Uzbekistan,2024-09-12,True
23,Jason,Patterson,graylori@example.net,001-321-746-9136x3572,1360 Shelia Gateway,Jacobtown,OH,42183,North Macedonia,2024-07-13,True
24,Ruth,Hart,danielsmith@example.com,907-520-6339x87621,974 Austin Squares Apt. 019,Joseborough,PW,86194,Nauru,2023-04-18,True
25,Amanda,Humphrey,steven76@example.net,(690)424-2802,926 Coleman Estates,East Kelly,VT,10303,Canada,2025-08-13,True
26,Tammy,Lyons,sandratownsend@example.org,(936)882-6359x5182,298 Kelly Branch,West Victoria,MI,07063,Madagascar,2023-08-03,True
27,Ethan,Brown,danagraves@example.org,962-417-4468,642 Penny Ridge Apt. 551,Nancyland,IA,34118,Sao Tome and Principe,2023-12-06,False
28,Donna,Davis,rebeccamorales@example.net,3783246248,283 Herman Points Suite 986,Port Christine,SC,43571,Antarctica (the territory South of 60 deg S),2024-06-17,True
29,Mark,Owens,jasongraham@example.net,863-208-9341x47762,424 Barry Alley Apt. 572,West Debbie,AR,44685,Puerto Rico,2023-10-16,False
30,David,Burgess,ksanders@example.com,417.287.2924,1924 Moreno Orchard Suite 810,North Cynthiastad,GU,18093,Jordan,2024-04-27,True
31,Stephanie,Morton,garrettlisa@example.net,(657)699-3518,65193 Kaitlyn Viaduct Apt. 994,South Robertshire,MH,84074,Liberia,2024-01-14,True
32,Amber,Dickson,brandon00@example.net,(295)578-1173x8174,94042 Jackson Shore,North Patricia,WV,97957,Belize,2023-05-19,True
33,Leah,Hawkins,eric64@example.net,(259)685-1481x77300,2279 Teresa Freeway Suite 230,Cochranchester,OK,20611,Trinidad and Tobago,2024-02-28,True
34,Dustin,Bass,bking@example.com,566.989.7603x102,2054 Crawford Extensions Suite 654,Stephenside,UT,13840,Cuba,2024-04-14,False
35,Martha,Gould,elizabethjackson@example.org,001-750-603-2642x5492,1432 Erickson Springs,Ochoaton,PA,89819,French Guiana,2023-04-28,True
36,David,Thomas,scunningham@example.org,+1-758-680-4337,79364 Robin Coves Apt. 316,Tiffanyton,LA,84574,United Arab Emirates,2023-03-29,False
37,Kimberly,Mejia,ariastasha@example.org,338-579-3955x568,87242 Kennedy Ferry,East Ronald,WA,32398,Bosnia and Herzegovina,2024-04-02,False
38,Marie,Brown,athompson@example.net,357-353-8894x8031,7865 Padilla Rest,West Caitlin,MS,76298,Kuwait,2024-10-11,True
39,Christian,Smith,rodriguezscott@example.org,+1-837-740-4190x94480,479 King Row Apt. 020,East Chad,WV,67546,Timor-Leste,2025-06-07,False
40,Megan,Alexander,david34@example.org,001-370-933-3752x374,7541 Lopez Drive,Reginastad,TX,38109,Sierra Leone,2025-08-12,False
41,Jason,Moses,hicksjose@example.com,3293417352,824 Trevor Walks Suite 317,East Christianville,NJ,79101,Belgium,2024-08-19,True
42,Joseph,Fowler,kaylaburke@example.net,001-390-897-7976x89717,7580 Shelton Plaza,Raymondborough,KY,45024,Vietnam,2023-12-28,True
43,Lisa,Smith,fosterjessica@example.org,7743604033,94369 Carter Square,Port Elizabethmouth,NJ,03450,Montenegro,2023-10-25,True
44,Edward,Montgomery,bartonmelissa@example.org,997-274-2891,830 Melissa Road Apt. 509,Millerton,SC,55760,Guadeloupe,2025-06-30,True
45,Scott,Myers,cbennett@example.com,(863)816-0191x6411,44300 Michele Groves,Jonesmouth,NE,71591,Taiwan,2024-07-17,True
46,Charles,Davis,elizabethgarcia@example.com,930-386-2926,041 Holmes Common Apt. 588,South Ruth,MT,90101,Anguilla,2025-08-26,True
47,Gabriel,Ramirez,swilliams@example.net,916.659.5655,1830 William Well Apt. 870,Nicholasview,MP,90998,Saudi Arabia,2024-05-28,False
48,Daniel,Casey,kevinalvarez@example.com,599-852-9078,71648 Mark Branch Apt. 844,Mayermouth,FL,61653,French Southern Territories,2023-06-04,True
49,Virginia,Obrien,alexander61@example.com,(790)357-7655,79138 Albert Track,Blackton,IL,58064,Libyan Arab Jamahiriya,2024-10-17,True
50,Kathryn,Brewer,perezlinda@example.com,7014282577,34055 Haley Court Apt. 465,Delacruzmouth,VI,59381,Micronesia,2022-12-15,True
51,Wanda,Ryan,mgonzalez@example.net,312.992.0617x671,535 Gregory Shoal,Alicialand,VI,21064,United Kingdom,2025-02-15,True
52,Elaine,Oconnor,lauren07@example.net,809-236-1006,614 Ochoa Heights Suite 095,Feliciashire,AZ,92394,Gibraltar,2025-07-15,True
53,Aaron,Scott,jessica59@example.org,586.702.4015,649 Jonathan Throughway,Greenburgh,LA,13031,Djibouti,2023-06-04,True
54,Michelle,Wood,kentmark@example.org,001-746-768-0006x15382,38551 Wilkins Vista,Robertmouth,VA,70068,Guatemala,2023-02-27,True
55,Cameron,Sheppard,jorgebarron@example.org,+1-703-923-0871,31740 Lucas Valley Apt. 367,Wilsonside,NE,31096,Honduras,2024-12-21,True
56,Andrew,Lopez,ksimpson@example.org,+1-545-549-3681x4132,0118 Robinson Forks,Anthonyberg,CO,40699,British Virgin Islands,2025-01-29,True
57,Patty,Carter,travisramirez@example.org,994.297.6137x60615,055 Herman Pines Apt. 517,Timothyville,GU,99897,Anguilla,2025-02-24,True
58,Linda,Calderon,xwoodard@example.com,254.431.8927x23519,5133 Perkins Rapid,Port Katrinamouth,MO,15456,Korea,2023-09-19,True
59,Joshua,White,sullivangina@example.com,+1-203-330-4261x03692,26796 Robert River,Staceyview,DE,17396,Pitcairn Islands,2025-01-09,True
60,Joseph,Meyers,gbishop@example.com,+1-699-414-5763x5864,3759 Benson Drives,Kingshire,ID,08758,Mauritania,2024-03-31,False
61,Joseph,Jones,kathleenmorales@example.org,921.929.7526,573 Johnson Prairie,Lake Chelseafort,NC,76291,Morocco,2025-02-15,True
62,Ryan,James,nguyendaniel@example.net,(279)361-7690x72349,6369 Anderson Parkways Apt. 582,North Pamelaborough,NY,84336,Slovenia,2023-12-28,True
63,Gregory,Tucker,burkerachel@example.net,(700)470-9578x33181,225 Carol Forest Apt. 130,Bakermouth,MS,10519,Estonia,2025-02-09,True
64,Rickey,Adams,ulowe@example.net,(639)256-7762,2357 Quinn Lodge Apt. 893,Robertport,CO,96991,Guatemala,2023-03-15,True
65,Stephanie,Mendoza,aaronluna@example.net,(863)693-4534x57778,4137 Seth Ville Apt. 242,Port Cheryl,GU,68799,Congo,2023-03-18,True
66,Jerry,Johnson,katherinestewart@example.com,(393)957-0123x089,276 Kirk Locks,Adamsville,OH,41466,Montserrat,2024-04-06,False
67,Jacob,Smith,justin76@example.net,476-892-3560,26652 Michael Plains Apt. 260,South Abigailchester,AS,16523,Jamaica,2023-12-10,True
68,Robert,Barton,amycarter@example.org,258-753-6320x5768,33578 Shawna Walk,Melissaview,WA,93678,Maldives,2023-03-19,False
69,Joshua,Davis,ovaughn@example.org,001-965-354-6005x10763,56819 Michael Tunnel,New Karenton,NM,81269,Libyan Arab Jamahiriya,2023-03-18,True
70,Luke,Walker,melissaclark@example.net,001-506-342-3314,632 Beltran Hollow,North Angela,ME,18627,Christmas Island,2025-08-30,False
71,Angela,Duffy,uwall@example.org,880.997.3346x3768,46239 Justin Plains,East Gabrielport,TX,36914,Greece,2023-06-04,True
72,Amanda,Parsons,gabriel79@example.org,5416646644,7433 Earl Ways Apt. 400,Port Stevenfort,MT,80995,Madagascar,2024-11-15,True
73,Christopher,Contreras,creid@example.org,629-456-8794x6791,18078 Christy Gateway,Lake Natashafort,IA,77164,Andorra,2023-09-25,True
74,John,Mccarthy,schmidtmichael@example.org,510.750.7107,1031 Morris Coves,Gonzalesland,VT,34499,Iran,2024-06-14,False
75,Michael,Perry,amanda28@example.net,593.986.4594x812,3592 Moore Greens Suite 590,Robertmouth,NJ,89726,Egypt,2023-05-13,True
76,Kyle,Cain,cbrown@example.net,(682)479-3955,855 Gabriella Radial Apt. 937,Wilkersonstad,KY,82521,Dominica,2023-05-26,True
77,Susan,Allen,wilsonmatthew@example.net,(675)657-4912x670,25872 Pierce Summit Apt. 271,South Erikafort,UT,25227,Turks and Caicos Islands,2024-09-27,False
78,Dylan,Alexander,garciajohn@example.net,+1-774-249-9673,9992 Moore Neck Suite 371,Arroyobury,MT,80303,Gibraltar,2025-07-11,True
79,Dr.,Cox,robynanderson@example.org,3317983638,3319 Ryan Wall,East Jillside,AR,38855,Wallis and Futuna,2024-02-10,False
80,Danielle,Salazar,kevin45@example.com,001-357-717-5929x9975,02645 Joseph Parkway,South Lynn,PA,83827,Svalbard & Jan Mayen Islands,2024-04-26,True
81,Mark,Faulkner,ramosrebecca@example.org,8507259601,1068 Curtis Lights Suite 227,East Morgan,NJ,76408,Saint Pierre and Miquelon,2024-09-01,True
82,Emily,Arnold,marcia40@example.net,618.450.6690x8522,93872 Anthony Forges,Lake Joseph,MH,10021,Cameroon,2024-06-23,False
83,Mr.,Allen,myerstravis@example.net,6766317925,6396 Johnny Club Apt. 946,New Kevin,CA,02173,Falkland Islands (Malvinas),2024-03-08,True
84,Paul,Jones,epittman@example.net,255.216.4945x38739,166 Murphy Isle,West Scott,IA,99191,Cayman Islands,2025-10-11,True
85,Sharon,Smith,harrismary@example.net,(413)994-4298x90009,57049 Virginia Ports,Myersville,DC,80113,Iraq,2023-01-22,True
86,Scott,Fitzgerald,rodriguezgerald@example.com,(860)640-2954,43242 Anthony Stravenue,Medinaburgh,NM,74259,British Virgin Islands,2025-05-22,True
87,Donna,Ingram,esanchez@example.com,001-390-955-0156x42035,778 Danielle Islands Suite 405,West Justin,TX,68822,Bangladesh,2023-09-13,True
88,Jason,Orozco,hstewart@example.net,(339)978-1851,09594 Aguilar Key,Port Christopher,MD,81609,Cambodia,2024-11-09,True
89,Brittney,Gonzalez,kevin63@example.net,255-448-2261x337,49225 Mark Key,East Sarahberg,NJ,66377,Switzerland,2025-04-20,True
90,Destiny,Mitchell,gomezgary@example.net,228-472-6660,653 Walters Mountain Apt. 353,Hannahfort,LA,16631,Faroe Islands,2023-10-25,True
91,Bryce,Stokes,ydickerson@example.net,8192453113,6961 Kevin Valley,Lake Jacobborough,PA,33733,Jamaica,2023-02-11,True
92,Ryan,Stephens,dawn51@example.org,(758)978-0257x222,607 Garrett Lake,Baileyfort,KY,82169,Indonesia,2025-03-31,True
93,Alexander,Bennett,dbartlett@example.com,332.517.7835,70162 Haas Terrace,Emilyview,CT,74728,Malaysia,2025-05-28,True
94,Victor,Singleton,alexberg@example.net,665.367.1634,56098 Estrada Lodge Suite 872,New Lorettaville,NV,42298,Marshall Islands,2025-08-17,True
95,Jared,Anderson,browntara@example.net,940-637-8140,3315 Patricia Isle Suite 417,North Billyborough,PW,79163,Mayotte,2024-08-06,True
96,Sheri,Hoffman,manuelwilson@example.org,338.216.2729,4246 Rodriguez Pike,Martinfort,IL,50444,Hong Kong,2025-09-05,True
97,Pamela,Saunders,rharris@example.org,(902)679-1900,8095 Underwood Motorway,West Cheryl,CA,83972,Madagascar,2025-11-09,True
98,Emily,Morrison,boconnor@example.net,001-741-953-7603,149 Lopez River,Port Michaelmouth,SD,54964,Philippines,2023-06-21,True
99,Felicia,Barnes,michael76@example.net,795.822.3964,086 Johnathan Mountain Suite 110,Colefort,WI,71716,Jersey,2024-12-24,True
100,Austin,Simpson,stephaniebrown@example.com,365-349-9101,516 Diaz Stream Apt. 765,Port Seanmouth,AS,01857,Nepal,2025-06-28,True
101,Tyrone,Fields,rreynolds@example.org,851-819-1596x2692,48989 Parker Mountain,Lake Chadhaven,IA,89986,Lao People's Democratic Republic,2025-07-12,True
102,Christina,Sullivan,adrianbrown@example.com,8405592098,531 Robinson Road Apt. 804,Kevinchester,TN,87058,Honduras,2025-04-27,True
103,Christopher,Moore,xsmith@example.com,870.711.3818,99893 Lucas Union,East Robertville,GU,93881,Peru,2024-10-04,False
104,Toni,Farmer,david49@example.org,605.726.2870x0477,38326 Skinner Trafficway Suite 191,Jacksonhaven,IA,46372,Chile,2025-01-04,True
105,Janet,Fernandez,penamatthew@example.org,3356097192,75732 David Lakes Apt. 016,North Joshua,AZ,37194,Vanuatu,2024-07-04,True
106,Michael,Mccormick,patrickmcdaniel@example.org,368-732-7750x67977,5409 Linda Squares,East Donaldberg,IL,36240,Czech Republic,2025-04-15,True
107,Mikayla,Ward,jefferygonzalez@example.com,+1-623-219-5343,667 Hartman Grove Suite 234,South Erin,DC,55774,Niger,2023-06-27,False
108,Ronald,Smith,apowers@example.com,336-277-9397x61391,0287 Jeremy Hill,Markview,TX,32955,Jordan,2024-12-30,True
109,Jennifer,Hines,kathleen85@example.net,(343)399-6133,5140 Murphy Mountains,West Lindashire,AL,05549,Cook Islands,2025-08-27,True
110,James,Huber,kathrynchavez@example.net,+1-939-255-8181,8405 Christine Spurs,East Bettybury,NH,84808,Greece,2025-04-20,True
111,Dustin,Sherman,andrewhardy@example.com,2079337154,21984 Smith Key,Chelseaton,IL,51364,Lithuania,2024-11-30,True
112,Gregory,Aguirre,natalie56@example.org,394-894-3732x95911,4335 Dennis Islands Suite 813,North Tiffany,NV,70183,Bahrain,2025-04-06,True
113,Renee,Alexander,kristen11@example.org,5724423267,968 Gould Ridge Apt. 976,East Lance,PA,42169,Central African Republic,2025-05-19,True
114,James,Thomas,vsmith@example.net,640-819-2523x12148,59114 Webster Run,Meganport,VA,77657,Vietnam,2023-06-15,True
115,Natasha,Hines,mbaldwin@example.org,+1-271-956-2222,9443 Haley Flats Apt. 986,North Mark,MD,97387,Israel,2025-02-03,False
116,Ryan,Richardson,oparker@example.org,001-260-871-5484x4957,742 Thomas Forge,Ericberg,WI,53940,Grenada,2024-01-28,True
117,Rachel,English,april53@example.org,(511)443-6934x1748,4955 Brown Rest,New Jeffreyhaven,WV,34693,Sweden,2025-08-11,True
118,Marie,King,mhenry@example.com,(646)412-9594x820,0816 Chase Underpass Suite 311,Sandersshire,NJ,54355,Austria,2025-04-01,False
119,John,Barrett,njames@example.org,+1-239-223-1425x4825,556 Le Road Suite 401,Bakerfurt,KY,93578,Isle of Man,2025-07-11,True
120,Sherry,Prince,ashley76@example.org,001-559-579-3118x54523,22983 Dawn Mills Apt. 633,Port Kevin,DC,53956,Mozambique,2023-04-12,True
121,Elizabeth,Pineda,brighternest@example.org,(455)455-4150x5782,7981 Garcia Crossing,North Michelleberg,VT,52277,Singapore,2023-11-01,True
122,Lori,Wong,pstevenson@example.org,7488660484,38340 Smith Freeway Suite 444,South Daniel,HI,83746,South Georgia and the South Sandwich Islands,2024-10-04,True
123,Jessica,Meyer,wagnermartin@example.org,+1-471-814-2609x8385,8102 Michelle Squares Suite 069,Hobbstown,SC,92325,Bolivia,2025-03-31,True
124,Charles,Gonzales,glawrence@example.com,+1-865-751-1085x1722,715 Heather Trail Suite 224,Port Ronald,ND,49452,French Guiana,2023-09-06,False
125,Tyler,Maddox,oprice@example.org,(612)611-6626,441 Doyle Trail,West Melissaburgh,IA,06792,Montserrat,2025-03-03,True
126,Gregory,Phelps,ubaker@example.net,+1-898-373-7640x7470,893 David Loaf,Heatherside,TX,83954,Belgium,2025-05-14,False
127,Brian,Owens,john66@example.net,001-441-450-3004,06947 Brown Row,Davidside,MA,27244,Isle of Man,2023-10-24,True
128,Chad,Solis,davidclark@example.com,738-953-8423x81435,5432 Jonathan Pass Suite 938,Port Michael,GU,88349,Iran,2024-06-22,True
129,Jeffrey,Robinson,howardamanda@example.com,715-721-6692,6785 Green Stravenue Apt. 675,Kevinfort,IL,42104,Botswana,2025-08-18,True
130,Joy,Lawrence,pettybrandon@example.com,001-231-308-1999x8904,5821 Cortez Crossroad Apt. 548,Castanedahaven,NV,74107,Uzbekistan,2024-02-01,True
131,Christina,Hill,sandra14@example.org,237-622-7776,01462 Monica Forest Suite 450,Rogerfort,MI,91332,French Guiana,2025-11-01,True
132,Jason,Morales,lunaglenn@example.net,+1-974-283-5961,720 Shannon Cliffs,Webbhaven,PA,23227,Mongolia,2023-12-08,True
133,Donna,Jones,kimberlypierce@example.com,001-944-336-4410x4518,53698 House Walks,East Danielleberg,SD,09537,Venezuela,2023-10-20,True
134,James,Davidson,zgamble@example.com,001-702-534-3194x378,23715 Dickson Park Suite 688,Crystalhaven,CA,62574,United Kingdom,2024-12-01,True
135,Carol,Whitney,contrerasangelica@example.com,+1-505-598-0186,79924 Christina Heights,South Mark,NJ,44611,Libyan Arab Jamahiriya,2024-11-30,True
136,April,Donovan,melissa32@example.com,(467)262-0643,5150 Clark Drive,Gonzalezberg,MA,05320,India,2025-05-09,True
137,David,Garcia,david53@example.net,001-650-502-6711x435,777 Michelle Islands,West Dillonmouth,PA,29357,United States Virgin Islands,2025-08-31,True
138,John,III,zroberts@example.net,+1-693-711-1804x047,96469 James Mews Apt. 904,Priceburgh,ID,05597,Saint Helena,2024-04-04,True
139,Michele,Cortez,joelhoward@example.net,9305563649,691 Palmer Island,Murraybury,NE,50475,Jamaica,2025-09-24,True
140,James,Jones,steven98@example.net,268-952-1342,7555 James Mills Suite 721,East Steven,FL,88673,Greenland,2023-10-16,True
141,Shaun,Meadows,gjohnson@example.com,+1-787-669-7223x20037,6703 Ray Stravenue,West Jared,OH,27157,Hungary,2025-06-15,True
142,Raymond,Griffith,robert99@example.net,001-677-643-2537x804,324 Jason Throughway Apt. 261,Bellberg,CO,50222,Guyana,2025-08-10,True
143,Elizabeth,Miller,jhughes@example.net,001-586-326-7267x4150,0273 Melissa Drives,Lake Robert,FM,73162,Maldives,2025-09-29,True
144,Tracy,Silva,georgestephanie@example.net,001-405-970-4246x83712,6759 Diaz Camp Apt. 031,Lake Wandafurt,IA,50224,Uruguay,2023-02-27,True
145,Eileen,Roberts,ricardostone@example.org,9582360019,99771 Wilson Fork Suite 684,West Teresaburgh,RI,22150,Anguilla,2025-10-01,True
146,Jack,Russell,nperkins@example.net,640.983.3521x45920,2182 Joseph Road,Sarahfort,DE,40067,Algeria,2023-05-20,True
147,Vincent,Reid,brittany17@example.com,+1-269-697-9601,36220 Justin Forge Suite 582,Johnsonmouth,AL,01331,Brazil,2024-03-08,True
148,Robert,Vance,dixoncameron@example.com,684-250-2399x747,11583 Daniel Rapids,South Cynthia,AK,06381,Cocos (Keeling) Islands,2024-06-28,True
149,Rhonda,Francis,kdavis@example.com,(750)877-5986,4476 Pollard Shore Apt. 808,New Robertborough,CA,51193,Kyrgyz Republic,2025-05-18,True
150,Cristina,Alvarez,colleenwallace@example.com,(223)452-6688,6538 Knight Lights Suite 906,Bakerburgh,MD,85132,Niue,2023-12-04,True
151,Katelyn,Patel,karenmorris@example.com,821.339.1994x5259,41290 Day View Apt. 682,Whiteshire,CO,98586,French Southern Territories,2024-10-11,True
152,Stephanie,Davis,mtaylor@example.org,3695791522,9278 Chris Ville,Snydershire,ID,54465,Saint Helena,2025-11-04,True
153,Hayley,Camacho,joseph34@example.org,6992621399,9528 James Viaduct Apt. 302,Paulstad,ID,83355,Taiwan,2024-08-10,True
154,Jillian,Gregory,nicholas64@example.org,001-513-937-7978x12877,4702 Joyce Cliffs Apt. 713,South Travisshire,NC,83310,Korea,2023-12-25,True
155,Jessica,Shepard,anthonypayne@example.com,001-379-737-2345,04212 Compton Road Apt. 729,Williamsport,NY,72149,Nepal,2025-09-05,True
156,Robin,Meza,michael52@example.net,273-582-1335,3170 Floyd Green Suite 547,North Laura,NM,00530,Pakistan,2024-07-19,True
157,Douglas,Smith,scott84@example.net,(600)611-4002,34064 Watson Club,Rowefurt,MH,51583,Korea,2025-07-20,True
158,Brandi,Hanna,sturner@example.org,+1-388-352-7311x85501,4318 Middleton Track Apt. 165,New Nancyview,ND,94899,Guyana,2023-02-07,True
159,Pamela,Cox,rebecca20@example.org,(980)625-0045,7015 Parker Stravenue,Reevesmouth,UT,27569,Bhutan,2024-08-09,True
160,Daniel,Jackson,mckenzie69@example.com,911-274-8300,266 Jessica Throughway Suite 375,Kevinport,PW,88005,Tuvalu,2023-02-07,False
161,Jackie,Powell,rachel77@example.org,561.303.8170,222 Shirley Trail,Lake Donna,IN,56295,Palau,2025-03-30,True
162,Jeremy,Fisher,cherylschultz@example.org,705-505-5185x17429,653 Benjamin Plains Apt. 029,East Amyfurt,MA,14646,Zambia,2025-03-30,True
163,Colleen,Fox,sgarcia@example.com,2486604163,356 Larson Forest,West Lisaland,VT,66772,Jordan,2025-07-24,True
164,Kimberly,Burns,ryan18@example.com,(635)637-1158x067,551 Hicks Neck,West Albert,VI,47526,Saint Barthelemy,2022-12-28,True
165,Matthew,Harrison,hogregory@example.net,(993)909-3141x30178,1257 Brian Shores Suite 154,Aprilfort,OR,59958,Saint Pierre and Miquelon,2023-06-21,True
166,Jeremiah,Ellis,whiteandrew@example.net,307.454.2199x86066,036 Johnson Vista Apt. 900,Woodfurt,MO,38611,Armenia,2024-08-28,True
167,Lawrence,Daugherty,traceywallace@example.com,822-211-7956,2327 Wong Gateway Apt. 697,Atkinsonberg,HI,41851,Turks and Caicos Islands,2024-08-20,True
168,Rachel,Fox,christophersantiago@example.org,323.852.3787x5889,660 Anthony Union Suite 134,East Georgeborough,MP,87432,Svalbard & Jan Mayen Islands,2023-01-27,True
169,Jeanne,Smith,znelson@example.com,536.244.1233x580,65876 White Springs Suite 366,Tinaside,MA,76656,Anguilla,2024-04-17,True
170,Michael,Whitney,ronaldpayne@example.com,626-320-7429x18159,81539 Velez Station,Andrewville,ND,95826,French Guiana,2024-09-16,True
171,Jessica,Miller,laurie18@example.org,850.987.3795,4274 Tiffany Alley,East Kimberly,AS,80707,Israel,2025-06-10,False
172,Patricia,Huang,amandacook@example.net,(554)360-4932,013 Edward Trace,Eatonhaven,IN,87561,Pitcairn Islands,2025-09-10,True
173,Monica,Young,walkerkeith@example.org,370-881-5054x7670,44240 Bailey Cliff Suite 044,Lake Robert,AL,68818,El Salvador,2025-06-13,True
174,Phillip,White,catherineking@example.org,+1-413-362-3376x90238,965 Wilkerson Ville Suite 218,Roblesstad,LA,92663,Mexico,2023-07-16,True
175,Tammy,Williams,barronsamantha@example.net,814-498-0021x774,258 Patricia Crescent,Wernerview,LA,20963,China,2023-02-13,True
176,Nicole,Brown,april30@example.net,472.694.2722,710 Perez Lane Suite 695,Littleburgh,VT,49571,United Kingdom,2023-01-27,True
177,Jessica,Buck,xadams@example.net,001-351-671-6952x53159,50074 Brittney Lodge Suite 058,West Johnmouth,MP,72124,Belgium,2024-03-30,True
178,David,Koch,kelly10@example.net,001-203-535-3736x771,99104 Elizabeth Estate Apt. 246,North Holly,MT,19465,Falkland Islands (Malvinas),2022-12-17,True
179,Lindsey,Allen,gary66@example.net,428.720.1032,1891 Alexis Way,Angelahaven,NH,26833,Bosnia and Herzegovina,2024-02-05,True
180,Tanya,Crawford,mprice@example.com,361.815.2182x3572,1577 Thompson Radial,West Stephanie,VI,82442,Tanzania,2025-03-11,True
181,Patrick,Howard,hawkinstiffany@example.com,386-681-9671x0874,3523 Charles Pike Apt. 680,Lake Aliciaville,WY,29145,Norway,2024-09-20,False
182,Jeremy,Reed,olsenchelsea@example.net,833-946-4082,7995 Smith Harbor Apt. 094,Port Brian,VT,68194,Colombia,2025-04-07,True
183,Mark,Molina,kimberly99@example.org,001-333-319-6854,736 Alexandra Viaduct,Lake Ashleeport,NY,30122,Palestinian Territory,2025-10-01,False
184,Debra,Adams,qcummings@example.net,(809)355-1313,48557 Robert Isle Apt. 932,Lake Amyport,CT,19833,Tonga,2023-01-02,True
185,Caitlin,Davila,samuelnunez@example.com,(892)945-8763,405 Ronald Lakes,Millerberg,LA,72646,Saint Kitts and Nevis,2023-12-03,True
186,Anne,Anderson,sevans@example.net,001-215-935-5095x65250,029 Tammy Lock,Port Kevin,RI,62534,South Africa,2024-10-31,True
187,Christina,Rogers,christina78@example.org,604-384-5030x89123,26491 John Spurs Apt. 312,Garciabury,AL,07936,Czech Republic,2025-09-27,True
188,William,Hall,sherrysingleton@example.com,591.673.1762,8816 Brittany Freeway,Lake Steven,VI,37763,Antigua and Barbuda,2025-09-22,True
189,Dustin,Silva,stephensjames@example.com,(943)335-9910,17626 Joyce Terrace Suite 941,Danielhaven,CO,55092,South Georgia and the South Sandwich Islands,2024-11-02,True
190,Melissa,Gilbert,dmurphy@example.net,321-381-4356x0674,2793 Lisa Roads Suite 148,Anthonychester,MD,14840,Czech Republic,2023-06-26,False
191,Maria,House,anthony76@example.org,227-450-3910x5340,19105 Ingram Gardens,South Amyside,CT,26408,Jersey,2025-09-19,True
192,Connie,Hester,davidsonpamela@example.org,326-501-6327x49433,21228 Gilmore Passage Suite 817,Lake Jerryview,RI,75096,Estonia,2023-08-28,False
193,David,Bush,hharris@example.com,(763)237-4145x8767,8454 Joann Tunnel,South Carolyn,HI,02923,Korea,2024-03-25,True
194,Sandra,Garcia,yesenia80@example.org,(478)646-8372,829 Carrie Prairie,Sharpside,FL,02652,Angola,2023-06-20,True
195,Richard,Lowe,jamesdouglas@example.net,+1-570-473-3603,18382 Blake Shoals,Port Eileenmouth,NY,03011,Tokelau,2023-02-28,True
196,Diana,Cook,ufields@example.net,642-928-7598,978 Anderson Rest Suite 663,Hallview,PW,83331,Panama,2024-06-02,True
197,Lisa,Shelton,owhite@example.com,978-516-8817,38898 Travis Manors,Hallview,CT,68411,Azerbaijan,2023-03-08,True
198,Jaime,Wood,james04@example.org,6706891345,438 Jeremy Course,Lake Pamelamouth,CA,55943,Ghana,2025-09-13,False
199,Jodi,Walters,thomas12@example.com,8552880382,055 Courtney Drive,Lake Angelaville,OK,92999,Tonga,2022-12-20,True
200,Alicia,Cantu,joseph31@example.org,(641)493-1207x6899,31141 Lori Unions Suite 395,Courtneychester,FM,50492,Cocos (Keeling) Islands,2023-06-26,False
